Ticker,Date,EPS_Estimate,Reported_EPS,EPS_Surprise,Earnings_Event,Positive_Earnings_Surprise,Negative_Earnings_Surprise
INFY,2004-10-12,0.96,1.02,5.85,1,1,0
INFY,2005-01-12,1.12,1.12,0.06,1,1,0
INFY,2005-04-14,1.21,1.15,-4.73,1,0,1
INFY,2005-07-12,1.15,1.19,4.07,1,1,0
INFY,2005-10-11,1.35,1.35,0.37,1,1,0
INFY,2006-01-11,1.51,1.44,-4.84,1,0,1
INFY,2006-04-14,1.61,1.49,-7.63,1,0,1
INFY,2006-07-12,1.58,1.75,10.76,1,1,0
INFY,2006-10-11,1.89,2.05,8.1,1,1,0
INFY,2007-01-11,2.18,2.15,-1.32,1,0,1
INFY,2007-04-13,2.3,2.49,8.44,1,1,0
INFY,2007-07-11,2.17,2.35,8.57,1,1,0
INFY,2007-10-11,2.37,2.4,1.09,1,1,0
INFY,2008-01-11,2.59,2.68,3.81,1,1,0
INFY,2008-04-15,2.74,2.72,-0.58,1,0,1
INFY,2008-07-11,2.72,2.84,4.5,1,1,0
INFY,2009-01-04,3.07,3.12,1.54,1,1,0
INFY,2009-01-13,3.28,3.58,9.26,1,1,0
INFY,2009-04-15,3.39,3.52,3.65,1,1,0
INFY,2009-07-10,2.97,3.33,12.11,1,1,0
INFY,2009-10-10,3.33,3.35,0.85,1,1,0
INFY,2010-01-12,3.15,3.47,9.95,1,1,0
INFY,2010-04-13,3.53,3.43,-2.95,1,0,1
INFY,2010-07-13,3.43,3.26,-5.02,1,0,1
INFY,2010-10-15,3.74,3.59,-4.06,1,0,1
INFY,2011-01-13,3.97,3.89,-1.87,1,0,1
INFY,2011-04-15,4.12,3.98,-3.52,1,0,1
INFY,2011-07-12,3.81,3.77,-1.0,1,0,1
INFY,2011-10-12,4.17,4.17,0.1,1,1,0
INFY,2012-01-12,4.95,5.19,4.86,1,1,0
INFY,2012-04-13,5.13,5.07,-1.3,1,0,1
INFY,2012-07-12,5.05,5.01,-0.8,1,0,1
INFY,2012-10-12,5.25,5.18,-1.25,1,0,1
INFY,2013-01-11,4.99,5.18,3.92,1,1,0
INFY,2013-04-12,5.11,5.24,2.52,1,1,0
INFY,2013-07-12,5.04,5.19,3.04,1,1,0
INFY,2013-10-11,5.77,5.75,-0.44,1,0,1
INFY,2014-01-10,5.88,6.29,6.98,1,1,0
INFY,2014-04-15,6.17,6.55,6.15,1,1,0
INFY,2014-07-11,5.84,6.31,8.17,1,1,0
INFY,2014-10-10,6.47,6.77,4.77,1,1,0
INFY,2015-01-09,6.94,7.11,2.49,1,1,0
INFY,2015-04-24,6.91,6.78,-1.93,1,0,1
INFY,2015-07-21,6.57,6.63,0.92,1,1,0
INFY,2015-10-12,7.07,7.44,5.12,1,1,0
INFY,2016-01-14,7.23,7.58,4.87,1,1,0
INFY,2016-04-15,7.6,7.87,3.56,1,1,0
INFY,2016-07-15,7.57,7.52,-0.75,1,0,1
INFY,2016-10-14,7.67,7.89,2.8,1,1,0
INFY,2017-01-13,7.7,8.11,5.32,1,1,0
INFY,2017-04-13,7.85,7.88,0.33,1,1,0
INFY,2017-07-14,7.45,7.62,2.22,1,1,0
INFY,2017-10-24,7.76,8.15,4.96,1,1,0
INFY,2018-01-12,8.12,8.12,0.03,1,1,0
INFY,2018-04-13,8.53,8.68,1.76,1,1,0
INFY,2018-07-13,8.61,8.92,3.64,1,1,0
INFY,2018-10-16,9.38,9.44,0.63,1,1,0
INFY,2019-01-11,9.52,9.33,-1.98,1,0,1
INFY,2019-04-12,9.12,9.36,2.68,1,1,0
INFY,2019-07-12,8.51,8.82,3.67,1,1,0
INFY,2019-10-11,9.4,9.44,0.41,1,1,0
INFY,2020-01-10,9.82,10.5,6.94,1,1,0
INFY,2020-04-20,10.05,10.18,1.25,1,1,0
INFY,2020-07-15,9.2,9.97,8.38,1,1,0
INFY,2020-10-14,10.62,11.4,7.31,1,1,0
INFY,2021-01-13,11.89,12.23,2.87,1,1,0
INFY,2021-04-14,12.17,11.94,-1.89,1,0,1
INFY,2021-07-14,12.64,12.21,-3.38,1,0,1
INFY,2021-10-13,12.45,12.85,3.21,1,1,0
INFY,2022-01-12,13.56,13.83,1.98,1,1,0
INFY,2022-04-13,14.16,13.54,-4.35,1,0,1
INFY,2022-07-24,13.44,12.76,-5.05,1,0,1
INFY,2022-10-13,14.09,14.34,1.79,1,1,0
INFY,2023-01-12,15.52,15.7,1.18,1,1,0
INFY,2023-04-13,15.78,14.77,-6.38,1,0,1
INFY,2023-07-20,14.83,14.35,-3.22,1,0,1
INFY,2023-10-12,15.13,14.99,-0.92,1,0,1
INFY,2024-01-11,14.78,14.74,-0.3,1,0,1
INFY,2024-04-18,14.94,19.22,28.68,1,1,0
INFY,2024-07-18,15.08,15.35,1.82,1,1,0
INFY,2024-10-17,16.37,15.68,-4.24,1,0,1
INFY,2025-01-16,16.19,16.39,1.21,1,1,0
INFY,2025-04-17,16.06,16.94,5.46,1,1,0
INFY,2025-07-23,16.33,16.68,2.13,1,1,0
INFY,2025-10-16,17.36,17.74,2.19,1,1,0
INFY,2026-01-14,17.89,18.5,3.41,1,1,0
INFY,2026-04-23,18.39,20.98,14.11,1,1,0
INFY,2026-07-23,19.12,19.17,0.27,1,1,0
RELIANCE,2007-04-26,,2.56,,1,0,0
RELIANCE,2007-07-28,2.66,2.93,9.86,1,1,0
RELIANCE,2007-10-18,3.15,3.3,4.66,1,1,0
RELIANCE,2008-01-17,3.5,3.34,-4.52,1,0,1
RELIANCE,2008-04-21,2.65,3.36,27.01,1,1,0
RELIANCE,2008-07-24,3.6,3.54,-1.77,1,0,1
RELIANCE,2008-10-23,3.59,3.55,-1.05,1,0,1
RELIANCE,2009-01-22,2.54,2.94,15.59,1,1,0
RELIANCE,2009-05-31,2.8,0.88,-68.75,1,0,1
RELIANCE,2009-07-24,3.39,2.89,-14.76,1,0,1
RELIANCE,2009-10-29,2.9,2.93,0.82,1,1,0
RELIANCE,2010-01-22,3.15,3.08,-2.41,1,0,1
RELIANCE,2010-04-23,4.19,4.53,7.96,1,1,0
RELIANCE,2010-07-28,4.2,3.7,-11.9,1,0,1
RELIANCE,2010-10-30,3.85,3.78,-1.95,1,0,1
RELIANCE,2011-01-21,3.95,3.93,-0.6,1,0,1
RELIANCE,2011-04-21,4.1,4.1,,1,0,0
RELIANCE,2011-07-25,4.44,4.33,-2.67,1,0,1
RELIANCE,2011-10-15,4.4,4.35,-1.14,1,0,1
RELIANCE,2012-01-20,3.4,3.4,,1,0,0
RELIANCE,2012-04-20,3.21,3.23,0.47,1,1,0
RELIANCE,2012-07-20,3.35,3.43,2.24,1,1,0
RELIANCE,2012-10-15,4.1,4.15,1.32,1,1,0
RELIANCE,2013-01-18,3.86,4.25,10.02,1,1,0
RELIANCE,2013-04-16,4.4,4.33,-1.7,1,0,1
RELIANCE,2013-07-19,4.14,4.15,0.13,1,1,0
RELIANCE,2013-10-14,4.23,4.25,0.38,1,1,0
RELIANCE,2014-01-17,4.2,4.28,1.83,1,1,0
RELIANCE,2014-04-18,4.49,4.35,-3.05,1,0,1
RELIANCE,2014-07-19,4.84,5.08,4.8,1,1,0
RELIANCE,2014-10-13,4.56,5.08,11.2,1,1,0
RELIANCE,2015-01-16,4.18,4.45,6.48,1,1,0
RELIANCE,2015-04-17,4.62,5.43,17.4,1,1,0
RELIANCE,2015-07-24,4.96,4.88,-1.75,1,0,1
RELIANCE,2015-10-16,4.59,5.08,10.53,1,1,0
RELIANCE,2016-01-19,5.47,5.58,1.9,1,1,0
RELIANCE,2016-04-22,5.51,5.65,2.55,1,1,0
RELIANCE,2016-07-15,5.0,5.8,15.95,1,1,0
RELIANCE,2016-10-20,5.56,5.93,6.48,1,1,0
RELIANCE,2017-01-16,6.1,6.18,1.27,1,1,0
RELIANCE,2017-04-24,6.2,6.27,1.18,1,1,0
RELIANCE,2017-07-20,6.35,6.3,-0.87,1,0,1
RELIANCE,2017-10-13,7.18,6.51,-9.31,1,0,1
RELIANCE,2018-01-19,6.73,6.7,-0.52,1,0,1
RELIANCE,2018-04-27,7.0,6.86,-1.93,1,0,1
RELIANCE,2018-07-27,7.09,6.96,-1.87,1,0,1
RELIANCE,2018-10-17,7.34,6.99,-4.77,1,0,1
RELIANCE,2019-01-17,7.21,7.04,-2.31,1,0,1
RELIANCE,2019-04-18,6.78,6.75,-0.37,1,0,1
RELIANCE,2019-07-19,8.0,8.53,6.61,1,1,0
RELIANCE,2019-10-18,7.48,7.65,2.34,1,1,0
RELIANCE,2020-01-17,9.72,9.29,-4.4,1,0,1
RELIANCE,2020-04-30,5.9,5.39,-8.73,1,0,1
RELIANCE,2020-07-30,4.1,4.16,1.46,1,1,0
RELIANCE,2020-10-30,4.35,5.02,15.4,1,1,0
RELIANCE,2021-01-22,6.13,6.65,8.57,1,1,0
RELIANCE,2021-04-30,8.6,5.8,-32.62,1,0,1
RELIANCE,2021-07-23,5.25,6.53,24.29,1,1,0
RELIANCE,2021-10-22,7.38,6.95,-5.83,1,0,1
RELIANCE,2022-01-21,8.6,7.61,-11.51,1,0,1
RELIANCE,2022-05-06,7.85,8.2,4.46,1,1,0
RELIANCE,2022-07-22,19.64,13.27,-32.43,1,0,1
RELIANCE,2022-10-21,12.83,10.09,-21.36,1,0,1
RELIANCE,2023-01-20,12.71,11.67,-8.18,1,0,1
RELIANCE,2023-04-21,13.38,14.26,6.57,1,1,0
RELIANCE,2023-07-21,12.65,11.83,-6.46,1,0,1
RELIANCE,2023-10-27,13.41,12.86,-4.15,1,0,1
RELIANCE,2024-01-19,12.88,12.76,-0.96,1,0,1
RELIANCE,2024-04-22,14.93,14.01,-6.21,1,0,1
RELIANCE,2024-07-19,12.81,11.19,-12.69,1,0,1
RELIANCE,2024-10-14,5.85,5.7,-2.56,1,0,1
RELIANCE,2025-01-16,13.39,13.7,2.34,1,1,0
RELIANCE,2025-04-25,6.4,8.29,29.53,1,1,0
RELIANCE,2025-07-18,15.45,19.95,29.12,1,1,0
RELIANCE,2025-10-17,14.35,13.42,-6.45,1,0,1
RELIANCE,2026-01-16,14.89,13.78,-7.44,1,0,1
RELIANCE,2026-04-24,15.39,12.54,-18.52,1,0,1
RELIANCE,2026-07-17,7.1,9.81,38.17,1,1,0
TCS,2005-01-13,1.63,1.35,-16.92,1,0,1
TCS,2005-04-19,1.78,0.61,-65.39,1,0,1
TCS,2005-07-15,1.59,1.64,3.06,1,1,0
TCS,2005-10-19,1.83,1.81,-1.03,1,0,1
TCS,2006-01-12,1.96,1.77,-9.48,1,0,1
TCS,2006-04-17,2.12,2.13,0.31,1,1,0
TCS,2006-07-18,2.15,2.26,5.04,1,1,0
TCS,2006-10-16,2.33,2.53,8.69,1,1,0
TCS,2007-01-15,2.79,2.82,1.28,1,1,0
TCS,2007-04-16,3.09,3.05,-1.36,1,0,1
TCS,2007-07-16,3.79,3.07,-18.93,1,0,1
TCS,2007-10-15,3.12,3.2,2.33,1,1,0
TCS,2008-01-16,3.35,3.39,1.19,1,1,0
TCS,2008-04-21,3.52,3.18,-9.58,1,0,1
TCS,2008-07-16,3.23,3.18,-1.49,1,0,1
TCS,2008-10-22,3.53,3.22,-8.74,1,0,1
TCS,2009-01-15,3.68,3.46,-6.08,1,0,1
TCS,2009-04-20,3.32,3.36,1.19,1,1,0
TCS,2009-07-17,3.55,3.92,10.39,1,1,0
TCS,2009-10-16,3.76,4.19,11.36,1,1,0
TCS,2010-01-15,4.11,4.59,11.63,1,1,0
TCS,2010-04-19,4.61,5.08,10.17,1,1,0
TCS,2010-07-16,4.67,4.86,3.92,1,1,0
TCS,2010-10-21,5.05,5.53,9.56,1,1,0
TCS,2011-01-17,5.53,6.04,9.27,1,1,0
TCS,2011-04-21,6.07,6.71,10.56,1,1,0
TCS,2011-07-14,5.87,6.16,4.99,1,1,0
TCS,2011-10-17,6.44,6.42,-0.37,1,0,1
TCS,2012-01-18,7.65,7.38,-3.59,1,0,1
TCS,2012-04-23,7.5,7.35,-2.0,1,0,1
TCS,2012-07-12,7.9,8.46,7.12,1,1,0
TCS,2012-10-19,8.62,8.76,1.54,1,1,0
TCS,2013-01-14,8.66,9.05,4.47,1,1,0
TCS,2013-04-17,9.24,9.23,-0.07,1,0,1
TCS,2013-07-18,9.55,9.77,2.3,1,1,0
TCS,2013-10-15,11.35,11.82,4.1,1,1,0
TCS,2014-01-16,13.12,13.6,3.66,1,1,0
TCS,2014-04-16,13.29,13.64,2.63,1,1,0
TCS,2014-07-17,12.3,13.24,7.61,1,1,0
TCS,2014-10-16,13.77,13.39,-2.78,1,0,1
TCS,2015-01-15,14.12,13.6,-3.65,1,0,1
TCS,2015-04-16,13.8,14.58,5.65,1,1,0
TCS,2015-07-09,13.7,14.51,5.88,1,1,0
TCS,2015-10-13,15.18,15.44,1.71,1,1,0
TCS,2016-01-12,15.14,15.44,1.96,1,1,0
TCS,2016-04-18,15.75,16.27,3.31,1,1,0
TCS,2016-07-14,15.49,16.03,3.49,1,1,0
TCS,2016-10-13,15.83,16.72,5.59,1,1,0
TCS,2017-01-12,16.44,17.2,4.6,1,1,0
TCS,2017-04-18,16.87,16.76,-0.64,1,0,1
TCS,2017-07-13,15.9,15.2,-4.42,1,0,1
TCS,2017-10-12,16.34,16.84,3.01,1,1,0
TCS,2018-01-11,17.05,17.06,0.04,1,1,0
TCS,2018-04-19,17.75,18.04,1.6,1,1,0
TCS,2018-07-10,18.25,19.17,5.04,1,1,0
TCS,2018-10-11,20.83,20.66,-0.84,1,0,1
TCS,2019-01-10,21.81,21.6,-0.94,1,0,1
TCS,2019-04-12,21.26,21.65,1.83,1,1,0
TCS,2019-07-09,20.86,21.67,3.86,1,1,0
TCS,2019-10-10,22.1,21.43,-3.01,1,0,1
TCS,2020-01-17,21.97,21.63,-1.55,1,0,1
TCS,2020-04-16,21.85,21.45,-1.84,1,0,1
TCS,2020-07-09,20.16,18.68,-7.34,1,0,1
TCS,2020-10-07,21.08,19.93,-5.48,1,0,1
TCS,2021-01-08,22.65,23.19,2.39,1,1,0
TCS,2021-04-13,25.09,24.97,-0.47,1,0,1
TCS,2021-07-08,25.21,24.35,-3.42,1,0,1
TCS,2021-10-08,26.18,26.02,-0.6,1,0,1
TCS,2022-01-12,26.87,26.41,-1.72,1,0,1
TCS,2022-04-11,27.06,26.85,-0.78,1,0,1
TCS,2022-07-08,27.01,25.9,-4.09,1,0,1
TCS,2022-10-10,28.2,28.51,1.09,1,1,0
TCS,2023-01-09,30.35,29.64,-2.33,1,0,1
TCS,2023-04-12,31.62,31.14,-1.5,1,0,1
TCS,2023-07-12,29.81,30.26,1.51,1,1,0
TCS,2023-10-11,30.96,31.0,0.14,1,1,0
TCS,2024-01-11,31.7,32.25,1.75,1,1,0
TCS,2024-04-12,33.45,34.37,2.75,1,1,0
TCS,2024-07-11,33.09,33.28,0.56,1,1,0
TCS,2024-10-10,34.8,32.92,-5.39,1,0,1
TCS,2025-01-09,34.22,34.21,-0.03,1,0,1
TCS,2025-04-10,35.09,33.79,-3.72,1,0,1
TCS,2025-07-10,33.75,35.27,4.49,1,1,0
TCS,2025-10-09,34.71,35.74,2.95,1,1,0
TCS,2026-01-12,36.19,36.59,1.1,1,1,0
TCS,2026-04-09,38.11,37.92,-0.5,1,0,1
TCS,2026-07-09,37.33,38.28,2.54,1,1,0
