SELL_Threshold,BUY_Threshold,Accuracy,Macro_F1,Balanced_Accuracy
0.33999999999999997,0.35999999999999993,0.5061728395061729,0.35911954125725326,0.3625340155609214
0.33999999999999997,0.33999999999999997,0.4567901234567901,0.3525154075421182,0.35616426423601305
0.31999999999999995,0.35999999999999993,0.452991452991453,0.3480216991636242,0.3622393737304051
0.33999999999999997,0.3799999999999999,0.533713200379867,0.3440753136795904,0.3588395597924745
0.35999999999999993,0.35999999999999993,0.5479582146248813,0.3407352609310994,0.34691081215744896
0.31999999999999995,0.33999999999999997,0.4036087369420703,0.33757427213309565,0.35586962240549685
0.35999999999999993,0.33999999999999997,0.4985754985754986,0.33688372655573184,0.3405410608325406
0.31999999999999995,0.3799999999999999,0.4805318138651472,0.3349782754996025,0.35854491796195825
0.33999999999999997,0.31999999999999995,0.4036087369420703,0.3345195707702096,0.34501012191595154
0.33999999999999997,0.29999999999999993,0.3732193732193732,0.33016320466130367,0.3569795924056014
0.29999999999999993,0.35999999999999993,0.39886039886039887,0.32643297296762647,0.35702924380054424
0.35999999999999993,0.3799999999999999,0.5754985754985755,0.32425666980026296,0.3432163563890021
0.3799999999999999,0.35999999999999993,0.5726495726495726,0.3239903034733346,0.34330085086811546
0.35999999999999993,0.31999999999999995,0.4453941120607787,0.3225302031343626,0.32938691851247903
0.35999999999999993,0.29999999999999993,0.41500474833808165,0.3216934248763685,0.34135638900212895
0.3799999999999999,0.33999999999999997,0.5232668566001899,0.3213081891626675,0.33693109954320716
0.33999999999999997,0.3999999999999999,0.5365622032288699,0.3208616972521206,0.34916886178096934
0.33999999999999997,0.4599999999999999,0.5432098765432098,0.31877370754644835,0.35126097121612815
0.33999999999999997,0.47999999999999987,0.5432098765432098,0.31877370754644835,0.35126097121612815
0.33999999999999997,0.49999999999999983,0.5432098765432098,0.31877370754644835,0.35126097121612815
0.33999999999999997,0.5199999999999998,0.5432098765432098,0.31877370754644835,0.35126097121612815
0.33999999999999997,0.5399999999999998,0.5432098765432098,0.31877370754644835,0.35126097121612815
0.33999999999999997,0.5599999999999998,0.5432098765432098,0.31877370754644835,0.35126097121612815
0.33999999999999997,0.5799999999999998,0.5432098765432098,0.31877370754644835,0.35126097121612815
0.33999999999999997,0.5999999999999999,0.5432098765432098,0.31877370754644835,0.35126097121612815
0.33999999999999997,0.6199999999999999,0.5432098765432098,0.31877370754644835,0.35126097121612815
0.33999999999999997,0.6399999999999998,0.5432098765432098,0.31877370754644835,0.35126097121612815
0.33999999999999997,0.6599999999999997,0.5432098765432098,0.31877370754644835,0.35126097121612815
0.33999999999999997,0.6799999999999997,0.5432098765432098,0.31877370754644835,0.35126097121612815
0.33999999999999997,0.6999999999999997,0.5432098765432098,0.31877370754644835,0.35126097121612815
0.33999999999999997,0.4399999999999999,0.5422602089268755,0.31863805342083173,0.35076271511249085
0.33999999999999997,0.41999999999999993,0.540360873694207,0.318365620187216,0.3497662029052164
0.33999999999999997,0.27999999999999997,0.3475783475783476,0.31806960883045665,0.35608782722011423
0.29999999999999993,0.3799999999999999,0.4264007597340931,0.3159710827635962,0.3533347880320974
0.31999999999999995,0.31999999999999995,0.3504273504273504,0.31449305719992954,0.34471548008543523
0.35999999999999993,0.27999999999999997,0.38936372269705605,0.3125540460735037,0.3404646238166418
0.31999999999999995,0.3999999999999999,0.48338081671415006,0.3122389306599833,0.3488742199504531
0.29999999999999993,0.33999999999999997,0.34947768281101615,0.3109538301817349,0.35065949247563594
0.31999999999999995,0.4599999999999999,0.49002849002849,0.310484544695071,0.35096632938561195
0.31999999999999995,0.47999999999999987,0.49002849002849,0.310484544695071,0.35096632938561195
0.31999999999999995,0.49999999999999983,0.49002849002849,0.310484544695071,0.35096632938561195
0.31999999999999995,0.5199999999999998,0.49002849002849,0.310484544695071,0.35096632938561195
0.31999999999999995,0.5399999999999998,0.49002849002849,0.310484544695071,0.35096632938561195
0.31999999999999995,0.5599999999999998,0.49002849002849,0.310484544695071,0.35096632938561195
0.31999999999999995,0.5799999999999998,0.49002849002849,0.310484544695071,0.35096632938561195
0.31999999999999995,0.5999999999999999,0.49002849002849,0.310484544695071,0.35096632938561195
0.31999999999999995,0.6199999999999999,0.49002849002849,0.310484544695071,0.35096632938561195
0.31999999999999995,0.6399999999999998,0.49002849002849,0.310484544695071,0.35096632938561195
0.31999999999999995,0.6599999999999997,0.49002849002849,0.310484544695071,0.35096632938561195
0.31999999999999995,0.6799999999999997,0.49002849002849,0.310484544695071,0.35096632938561195
0.31999999999999995,0.6999999999999997,0.49002849002849,0.310484544695071,0.35096632938561195
0.31999999999999995,0.4399999999999999,0.4890788224121557,0.31030789825970545,0.35046807328197466
0.31999999999999995,0.41999999999999993,0.48717948717948717,0.30995300436388046,0.34947156107470007
0.3799999999999999,0.29999999999999993,0.439696106362773,0.3090885006114739,0.33774642771279545
0.27999999999999997,0.35999999999999993,0.36657169990503324,0.3087232686823685,0.3478186922693649
0.3799999999999999,0.31999999999999995,0.4700854700854701,0.3084848263443596,0.32577695722314554
0.33999999999999997,0.26,0.33143399810066476,0.30788614772502837,0.3504088400388849
0.33999999999999997,0.2,0.33048433048433046,0.307226241018608,0.34991058393524765
0.33999999999999997,0.22,0.33048433048433046,0.307226241018608,0.34991058393524765
0.33999999999999997,0.24,0.33048433048433046,0.307226241018608,0.34991058393524765
0.3799999999999999,0.3799999999999999,0.6001899335232669,0.3068964928770525,0.3396063950996686
0.26,0.35999999999999993,0.3627730294396961,0.3066046127231596,0.3469299758537427
0.2,0.35999999999999993,0.3599240265906933,0.30504944588914057,0.3465395155417577
0.22,0.35999999999999993,0.3599240265906933,0.30504944588914057,0.3465395155417577
0.31999999999999995,0.29999999999999993,0.3200379867046534,0.30503284104633055,0.3566849505750851
0.24,0.35999999999999993,0.3599240265906933,0.3050246825848434,0.3465395155417577
0.35999999999999993,0.26,0.3732193732193732,0.3040751084284629,0.33478563663541244
0.35999999999999993,0.2,0.37226970560303896,0.3035059962967682,0.3342873805317752
0.35999999999999993,0.22,0.37226970560303896,0.3035059962967682,0.3342873805317752
0.35999999999999993,0.24,0.37226970560303896,0.3035059962967682,0.3342873805317752
0.4599999999999999,0.35999999999999993,0.5982905982905983,0.30305091733663164,0.3446063776781266
0.47999999999999987,0.35999999999999993,0.5982905982905983,0.30289599152392727,0.3446063776781266
0.49999999999999983,0.35999999999999993,0.5982905982905983,0.30289599152392727,0.3446063776781266
0.5199999999999998,0.35999999999999993,0.5982905982905983,0.30289599152392727,0.3446063776781266
0.5399999999999998,0.35999999999999993,0.5982905982905983,0.30289599152392727,0.3446063776781266
0.5599999999999998,0.35999999999999993,0.5982905982905983,0.30289599152392727,0.3446063776781266
0.5799999999999998,0.35999999999999993,0.5982905982905983,0.30289599152392727,0.3446063776781266
0.5999999999999999,0.35999999999999993,0.5982905982905983,0.30289599152392727,0.3446063776781266
0.6199999999999999,0.35999999999999993,0.5982905982905983,0.30289599152392727,0.3446063776781266
0.6399999999999998,0.35999999999999993,0.5982905982905983,0.30289599152392727,0.3446063776781266
0.6599999999999997,0.35999999999999993,0.5982905982905983,0.30289599152392727,0.3446063776781266
0.6799999999999997,0.35999999999999993,0.5982905982905983,0.30289599152392727,0.3446063776781266
0.6999999999999997,0.35999999999999993,0.5982905982905983,0.30289599152392727,0.3446063776781266
0.3999999999999999,0.35999999999999993,0.5859449192782527,0.30283080488832703,0.3392333563297689
0.4399999999999999,0.35999999999999993,0.5944919278252612,0.3021741699161054,0.3426133532635775
0.4599999999999999,0.33999999999999997,0.5489078822412156,0.3013191231548799,0.33823662635321833
0.47999999999999987,0.33999999999999997,0.5489078822412156,0.3011613826508146,0.33823662635321833
0.49999999999999983,0.33999999999999997,0.5489078822412156,0.3011613826508146,0.33823662635321833
0.5199999999999998,0.33999999999999997,0.5489078822412156,0.3011613826508146,0.33823662635321833
0.5399999999999998,0.33999999999999997,0.5489078822412156,0.3011613826508146,0.33823662635321833
0.5599999999999998,0.33999999999999997,0.5489078822412156,0.3011613826508146,0.33823662635321833
0.5799999999999998,0.33999999999999997,0.5489078822412156,0.3011613826508146,0.33823662635321833
0.5999999999999999,0.33999999999999997,0.5489078822412156,0.3011613826508146,0.33823662635321833
0.6199999999999999,0.33999999999999997,0.5489078822412156,0.3011613826508146,0.33823662635321833
0.6399999999999998,0.33999999999999997,0.5489078822412156,0.3011613826508146,0.33823662635321833
0.6599999999999997,0.33999999999999997,0.5489078822412156,0.3011613826508146,0.33823662635321833
0.6799999999999997,0.33999999999999997,0.5489078822412156,0.3011613826508146,0.33823662635321833
0.6999999999999997,0.33999999999999997,0.5489078822412156,0.3011613826508146,0.33823662635321833
0.3799999999999999,0.27999999999999997,0.4140550807217474,0.301137596146658,0.3368546625273083
0.41999999999999993,0.35999999999999993,0.5897435897435898,0.30087711500281505,0.3401220727453911
0.3999999999999999,0.33999999999999997,0.5365622032288699,0.3007439701544335,0.3328636050048606
0.35999999999999993,0.3999999999999999,0.5783475783475783,0.30071570725144126,0.33354565837749695
0.4399999999999999,0.33999999999999997,0.5451092117758785,0.300342617152962,0.3362436019386692
0.27999999999999997,0.3799999999999999,0.39411206077872746,0.29995691121331586,0.34412423650091806
0.41999999999999993,0.33999999999999997,0.540360873694207,0.2989160567753382,0.3337523214204829
0.35999999999999993,0.4599999999999999,0.5849952516619183,0.2983909596566859,0.3356377678126557
0.35999999999999993,0.47999999999999987,0.5849952516619183,0.2983909596566859,0.3356377678126557
0.35999999999999993,0.49999999999999983,0.5849952516619183,0.2983909596566859,0.3356377678126557
0.35999999999999993,0.5199999999999998,0.5849952516619183,0.2983909596566859,0.3356377678126557
0.35999999999999993,0.5399999999999998,0.5849952516619183,0.2983909596566859,0.3356377678126557
0.35999999999999993,0.5599999999999998,0.5849952516619183,0.2983909596566859,0.3356377678126557
0.35999999999999993,0.5799999999999998,0.5849952516619183,0.2983909596566859,0.3356377678126557
0.35999999999999993,0.5999999999999999,0.5849952516619183,0.2983909596566859,0.3356377678126557
0.35999999999999993,0.6199999999999999,0.5849952516619183,0.2983909596566859,0.3356377678126557
0.35999999999999993,0.6399999999999998,0.5849952516619183,0.2983909596566859,0.3356377678126557
0.35999999999999993,0.6599999999999997,0.5849952516619183,0.2983909596566859,0.3356377678126557
0.35999999999999993,0.6799999999999997,0.5849952516619183,0.2983909596566859,0.3356377678126557
0.35999999999999993,0.6999999999999997,0.5849952516619183,0.2983909596566859,0.3356377678126557
0.35999999999999993,0.4399999999999999,0.584045584045584,0.29828321979484773,0.3351395117090184
0.26,0.3799999999999999,0.3903133903133903,0.2980692258102838,0.3432355200852959
0.35999999999999993,0.41999999999999993,0.5821462488129154,0.29806692179373956,0.3341429995017439
0.2,0.3799999999999999,0.38746438746438744,0.2967006836523275,0.34284505977331087
0.22,0.3799999999999999,0.38746438746438744,0.2967006836523275,0.34284505977331087
0.24,0.3799999999999999,0.38746438746438744,0.29667113305233267,0.34284505977331087
0.29999999999999993,0.3999999999999999,0.42924976258309594,0.29385034819979383,0.34366409002059223
0.3799999999999999,0.26,0.39791073124406456,0.2933508270067609,0.33117567534607895
0.3799999999999999,0.2,0.3969610636277303,0.2928189923855739,0.33067741924244165
0.3799999999999999,0.22,0.3969610636277303,0.2928189923855739,0.33067741924244165
0.3799999999999999,0.24,0.3969610636277303,0.2928189923855739,0.33067741924244165
0.29999999999999993,0.4599999999999999,0.4358974358974359,0.2925244851170777,0.34575619945575103
0.29999999999999993,0.47999999999999987,0.4358974358974359,0.2925244851170777,0.34575619945575103
0.29999999999999993,0.49999999999999983,0.4358974358974359,0.2925244851170777,0.34575619945575103
0.29999999999999993,0.5199999999999998,0.4358974358974359,0.2925244851170777,0.34575619945575103
0.29999999999999993,0.5399999999999998,0.4358974358974359,0.2925244851170777,0.34575619945575103
0.29999999999999993,0.5599999999999998,0.4358974358974359,0.2925244851170777,0.34575619945575103
0.29999999999999993,0.5799999999999998,0.4358974358974359,0.2925244851170777,0.34575619945575103
0.29999999999999993,0.5999999999999999,0.4358974358974359,0.2925244851170777,0.34575619945575103
0.29999999999999993,0.6199999999999999,0.4358974358974359,0.2925244851170777,0.34575619945575103
0.29999999999999993,0.6399999999999998,0.4358974358974359,0.2925244851170777,0.34575619945575103
0.29999999999999993,0.6599999999999997,0.4358974358974359,0.2925244851170777,0.34575619945575103
0.29999999999999993,0.6799999999999997,0.4358974358974359,0.2925244851170777,0.34575619945575103
0.29999999999999993,0.6999999999999997,0.4358974358974359,0.2925244851170777,0.34575619945575103
0.29999999999999993,0.4399999999999999,0.4349477682811016,0.29229424052177555,0.34525794335211374
0.29999999999999993,0.41999999999999993,0.43304843304843305,0.2918314660250144,0.34426143114483915
0.4599999999999999,0.29999999999999993,0.46533713200379867,0.2914817908969956,0.33905195452280656
0.47999999999999987,0.29999999999999993,0.46533713200379867,0.29132286616216824,0.33905195452280656
0.49999999999999983,0.29999999999999993,0.46533713200379867,0.29132286616216824,0.33905195452280656
0.5199999999999998,0.29999999999999993,0.46533713200379867,0.29132286616216824,0.33905195452280656
0.5399999999999998,0.29999999999999993,0.46533713200379867,0.29132286616216824,0.33905195452280656
0.5599999999999998,0.29999999999999993,0.46533713200379867,0.29132286616216824,0.33905195452280656
0.5799999999999998,0.29999999999999993,0.46533713200379867,0.29132286616216824,0.33905195452280656
0.5999999999999999,0.29999999999999993,0.46533713200379867,0.29132286616216824,0.33905195452280656
0.6199999999999999,0.29999999999999993,0.46533713200379867,0.29132286616216824,0.33905195452280656
0.6399999999999998,0.29999999999999993,0.46533713200379867,0.29132286616216824,0.33905195452280656
0.6599999999999997,0.29999999999999993,0.46533713200379867,0.29132286616216824,0.33905195452280656
0.6799999999999997,0.29999999999999993,0.46533713200379867,0.29132286616216824,0.33905195452280656
0.6999999999999997,0.29999999999999993,0.46533713200379867,0.29132286616216824,0.33905195452280656
0.4399999999999999,0.29999999999999993,0.46153846153846156,0.29026743425066276,0.33705893010825744
0.3999999999999999,0.29999999999999993,0.452991452991453,0.29006199880543954,0.3336789331744489
0.27999999999999997,0.33999999999999997,0.31718898385565053,0.28990659940005453,0.3414489409444566
0.4599999999999999,0.31999999999999995,0.49572649572649574,0.2897320787979419,0.3270824840331567
0.47999999999999987,0.31999999999999995,0.49572649572649574,0.2895741427620364,0.3270824840331567
0.49999999999999983,0.31999999999999995,0.49572649572649574,0.2895741427620364,0.3270824840331567
0.5199999999999998,0.31999999999999995,0.49572649572649574,0.2895741427620364,0.3270824840331567
0.5399999999999998,0.31999999999999995,0.49572649572649574,0.2895741427620364,0.3270824840331567
0.5599999999999998,0.31999999999999995,0.49572649572649574,0.2895741427620364,0.3270824840331567
0.5799999999999998,0.31999999999999995,0.49572649572649574,0.2895741427620364,0.3270824840331567
0.5999999999999999,0.31999999999999995,0.49572649572649574,0.2895741427620364,0.3270824840331567
0.6199999999999999,0.31999999999999995,0.49572649572649574,0.2895741427620364,0.3270824840331567
0.6399999999999998,0.31999999999999995,0.49572649572649574,0.2895741427620364,0.3270824840331567
0.6599999999999997,0.31999999999999995,0.49572649572649574,0.2895741427620364,0.3270824840331567
0.6799999999999997,0.31999999999999995,0.49572649572649574,0.2895741427620364,0.3270824840331567
0.6999999999999997,0.31999999999999995,0.49572649572649574,0.2895741427620364,0.3270824840331567
0.3999999999999999,0.31999999999999995,0.48338081671415006,0.28872045529269835,0.321709462684799
0.4399999999999999,0.31999999999999995,0.4919278252611586,0.2886325264823737,0.3250894596186076
0.31999999999999995,0.27999999999999997,0.2943969610636277,0.28856778649110915,0.3557931853895979
0.41999999999999993,0.29999999999999993,0.4567901234567901,0.2885388274277163,0.3345676495900711
0.26,0.33999999999999997,0.31339031339031337,0.2873244324677446,0.3405602245288344
0.41999999999999993,0.31999999999999995,0.48717948717948717,0.2870503087894392,0.32259817910042127
0.4599999999999999,0.3799999999999999,0.6258309591642925,0.2854546033780656,0.3409119219096797
0.3999999999999999,0.3799999999999999,0.6134852801519468,0.28543020939162295,0.3355389005613221
0.2,0.33999999999999997,0.31054131054131057,0.2853964137361084,0.34016976421684947
0.22,0.33999999999999997,0.31054131054131057,0.2853964137361084,0.34016976421684947
0.24,0.33999999999999997,0.31054131054131057,0.2853868843284005,0.34016976421684947
0.47999999999999987,0.3799999999999999,0.6258309591642925,0.2853022509273124,0.3409119219096797
0.49999999999999983,0.3799999999999999,0.6258309591642925,0.2853022509273124,0.3409119219096797
0.5199999999999998,0.3799999999999999,0.6258309591642925,0.2853022509273124,0.3409119219096797
0.5399999999999998,0.3799999999999999,0.6258309591642925,0.2853022509273124,0.3409119219096797
0.5599999999999998,0.3799999999999999,0.6258309591642925,0.2853022509273124,0.3409119219096797
0.5799999999999998,0.3799999999999999,0.6258309591642925,0.2853022509273124,0.3409119219096797
0.5999999999999999,0.3799999999999999,0.6258309591642925,0.2853022509273124,0.3409119219096797
0.6199999999999999,0.3799999999999999,0.6258309591642925,0.2853022509273124,0.3409119219096797
0.6399999999999998,0.3799999999999999,0.6258309591642925,0.2853022509273124,0.3409119219096797
0.6599999999999997,0.3799999999999999,0.6258309591642925,0.2853022509273124,0.3409119219096797
0.6799999999999997,0.3799999999999999,0.6258309591642925,0.2853022509273124,0.3409119219096797
0.6999999999999997,0.3799999999999999,0.6258309591642925,0.2853022509273124,0.3409119219096797
0.4399999999999999,0.3799999999999999,0.6220322886989553,0.28463272726589245,0.33891889749513066
0.4599999999999999,0.27999999999999997,0.439696106362773,0.28446738038440883,0.3381601893373194
0.47999999999999987,0.27999999999999997,0.439696106362773,0.28430820959002284,0.3381601893373194
0.49999999999999983,0.27999999999999997,0.439696106362773,0.28430820959002284,0.3381601893373194
0.5199999999999998,0.27999999999999997,0.439696106362773,0.28430820959002284,0.3381601893373194
0.5399999999999998,0.27999999999999997,0.439696106362773,0.28430820959002284,0.3381601893373194
0.5599999999999998,0.27999999999999997,0.439696106362773,0.28430820959002284,0.3381601893373194
0.5799999999999998,0.27999999999999997,0.439696106362773,0.28430820959002284,0.3381601893373194
0.5999999999999999,0.27999999999999997,0.439696106362773,0.28430820959002284,0.3381601893373194
0.6199999999999999,0.27999999999999997,0.439696106362773,0.28430820959002284,0.3381601893373194
0.6399999999999998,0.27999999999999997,0.439696106362773,0.28430820959002284,0.3381601893373194
0.6599999999999997,0.27999999999999997,0.439696106362773,0.28430820959002284,0.3381601893373194
0.6799999999999997,0.27999999999999997,0.439696106362773,0.28430820959002284,0.3381601893373194
0.6999999999999997,0.27999999999999997,0.439696106362773,0.28430820959002284,0.3381601893373194
0.41999999999999993,0.3799999999999999,0.6172839506172839,0.2834081748841558,0.3364276169769443
0.3799999999999999,0.3999999999999999,0.6030389363722697,0.28321632695588916,0.32993569708816345
0.4399999999999999,0.27999999999999997,0.4358974358974359,0.28316063440149264,0.33616716492277027
0.3999999999999999,0.27999999999999997,0.42735042735042733,0.2827191275683934,0.33278716798896174
0.41999999999999993,0.27999999999999997,0.4311490978157645,0.2813148447020849,0.33367588440458396
0.29999999999999993,0.31999999999999995,0.2962962962962963,0.2810929605413421,0.3395053501555743
0.3799999999999999,0.4599999999999999,0.6096866096866097,0.28078975516297006,0.33202780652332226
0.3799999999999999,0.47999999999999987,0.6096866096866097,0.28078975516297006,0.33202780652332226
0.3799999999999999,0.49999999999999983,0.6096866096866097,0.28078975516297006,0.33202780652332226
0.3799999999999999,0.5199999999999998,0.6096866096866097,0.28078975516297006,0.33202780652332226
0.3799999999999999,0.5399999999999998,0.6096866096866097,0.28078975516297006,0.33202780652332226
0.3799999999999999,0.5599999999999998,0.6096866096866097,0.28078975516297006,0.33202780652332226
0.3799999999999999,0.5799999999999998,0.6096866096866097,0.28078975516297006,0.33202780652332226
0.3799999999999999,0.5999999999999999,0.6096866096866097,0.28078975516297006,0.33202780652332226
0.3799999999999999,0.6199999999999999,0.6096866096866097,0.28078975516297006,0.33202780652332226
0.3799999999999999,0.6399999999999998,0.6096866096866097,0.28078975516297006,0.33202780652332226
0.3799999999999999,0.6599999999999997,0.6096866096866097,0.28078975516297006,0.33202780652332226
0.3799999999999999,0.6799999999999997,0.6096866096866097,0.28078975516297006,0.33202780652332226
0.3799999999999999,0.6999999999999997,0.6096866096866097,0.28078975516297006,0.33202780652332226
0.3799999999999999,0.4399999999999999,0.6087369420702754,0.28069385725675716,0.33152955041968496
0.3799999999999999,0.41999999999999993,0.6068376068376068,0.28050136400501363,0.3305330382124104
0.27999999999999997,0.3999999999999999,0.3969610636277303,0.27824698708254747,0.3344535384894129
0.4599999999999999,0.26,0.4235517568850902,0.27722986449530157,0.33248120215609006
0.27999999999999997,0.4599999999999999,0.4036087369420703,0.27720207253886014,0.3365456479245717
0.27999999999999997,0.47999999999999987,0.4036087369420703,0.27720207253886014,0.3365456479245717
0.27999999999999997,0.49999999999999983,0.4036087369420703,0.27720207253886014,0.3365456479245717
0.27999999999999997,0.5199999999999998,0.4036087369420703,0.27720207253886014,0.3365456479245717
0.27999999999999997,0.5399999999999998,0.4036087369420703,0.27720207253886014,0.3365456479245717
0.27999999999999997,0.5599999999999998,0.4036087369420703,0.27720207253886014,0.3365456479245717
0.27999999999999997,0.5799999999999998,0.4036087369420703,0.27720207253886014,0.3365456479245717
0.27999999999999997,0.5999999999999999,0.4036087369420703,0.27720207253886014,0.3365456479245717
0.27999999999999997,0.6199999999999999,0.4036087369420703,0.27720207253886014,0.3365456479245717
0.27999999999999997,0.6399999999999998,0.4036087369420703,0.27720207253886014,0.3365456479245717
0.27999999999999997,0.6599999999999997,0.4036087369420703,0.27720207253886014,0.3365456479245717
0.27999999999999997,0.6799999999999997,0.4036087369420703,0.27720207253886014,0.3365456479245717
0.27999999999999997,0.6999999999999997,0.4036087369420703,0.27720207253886014,0.3365456479245717
0.47999999999999987,0.26,0.4235517568850902,0.2770726495726496,0.33248120215609006
0.49999999999999983,0.26,0.4235517568850902,0.2770726495726496,0.33248120215609006
0.5199999999999998,0.26,0.4235517568850902,0.2770726495726496,0.33248120215609006
0.5399999999999998,0.26,0.4235517568850902,0.2770726495726496,0.33248120215609006
0.5599999999999998,0.26,0.4235517568850902,0.2770726495726496,0.33248120215609006
0.5799999999999998,0.26,0.4235517568850902,0.2770726495726496,0.33248120215609006
0.5999999999999999,0.26,0.4235517568850902,0.2770726495726496,0.33248120215609006
0.6199999999999999,0.26,0.4235517568850902,0.2770726495726496,0.33248120215609006
0.6399999999999998,0.26,0.4235517568850902,0.2770726495726496,0.33248120215609006
0.6599999999999997,0.26,0.4235517568850902,0.2770726495726496,0.33248120215609006
0.6799999999999997,0.26,0.4235517568850902,0.2770726495726496,0.33248120215609006
0.6999999999999997,0.26,0.4235517568850902,0.2770726495726496,0.33248120215609006
0.27999999999999997,0.4399999999999999,0.402659069325736,0.2769361325755539,0.3360473918209344
0.4599999999999999,0.2,0.4226020892687559,0.27672782294021875,0.33198294605245277
0.4599999999999999,0.22,0.4226020892687559,0.27672782294021875,0.33198294605245277
0.4599999999999999,0.24,0.4226020892687559,0.27672782294021875,0.33198294605245277
0.47999999999999987,0.2,0.4226020892687559,0.2765707847323079,0.33198294605245277
0.47999999999999987,0.22,0.4226020892687559,0.2765707847323079,0.33198294605245277
0.47999999999999987,0.24,0.4226020892687559,0.2765707847323079,0.33198294605245277
0.49999999999999983,0.2,0.4226020892687559,0.2765707847323079,0.33198294605245277
0.49999999999999983,0.22,0.4226020892687559,0.2765707847323079,0.33198294605245277
0.49999999999999983,0.24,0.4226020892687559,0.2765707847323079,0.33198294605245277
0.5199999999999998,0.2,0.4226020892687559,0.2765707847323079,0.33198294605245277
0.5199999999999998,0.22,0.4226020892687559,0.2765707847323079,0.33198294605245277
0.5199999999999998,0.24,0.4226020892687559,0.2765707847323079,0.33198294605245277
0.5399999999999998,0.2,0.4226020892687559,0.2765707847323079,0.33198294605245277
0.5399999999999998,0.22,0.4226020892687559,0.2765707847323079,0.33198294605245277
0.5399999999999998,0.24,0.4226020892687559,0.2765707847323079,0.33198294605245277
0.5599999999999998,0.2,0.4226020892687559,0.2765707847323079,0.33198294605245277
0.5599999999999998,0.22,0.4226020892687559,0.2765707847323079,0.33198294605245277
0.5599999999999998,0.24,0.4226020892687559,0.2765707847323079,0.33198294605245277
0.5799999999999998,0.2,0.4226020892687559,0.2765707847323079,0.33198294605245277
0.5799999999999998,0.22,0.4226020892687559,0.2765707847323079,0.33198294605245277
0.5799999999999998,0.24,0.4226020892687559,0.2765707847323079,0.33198294605245277
0.5999999999999999,0.2,0.4226020892687559,0.2765707847323079,0.33198294605245277
0.5999999999999999,0.22,0.4226020892687559,0.2765707847323079,0.33198294605245277
0.5999999999999999,0.24,0.4226020892687559,0.2765707847323079,0.33198294605245277
0.6199999999999999,0.2,0.4226020892687559,0.2765707847323079,0.33198294605245277
0.6199999999999999,0.22,0.4226020892687559,0.2765707847323079,0.33198294605245277
0.6199999999999999,0.24,0.4226020892687559,0.2765707847323079,0.33198294605245277
0.6399999999999998,0.2,0.4226020892687559,0.2765707847323079,0.33198294605245277
0.6399999999999998,0.22,0.4226020892687559,0.2765707847323079,0.33198294605245277
0.6399999999999998,0.24,0.4226020892687559,0.2765707847323079,0.33198294605245277
0.6599999999999997,0.2,0.4226020892687559,0.2765707847323079,0.33198294605245277
0.6599999999999997,0.22,0.4226020892687559,0.2765707847323079,0.33198294605245277
0.6599999999999997,0.24,0.4226020892687559,0.2765707847323079,0.33198294605245277
0.6799999999999997,0.2,0.4226020892687559,0.2765707847323079,0.33198294605245277
0.6799999999999997,0.22,0.4226020892687559,0.2765707847323079,0.33198294605245277
0.6799999999999997,0.24,0.4226020892687559,0.2765707847323079,0.33198294605245277
0.6999999999999997,0.2,0.4226020892687559,0.2765707847323079,0.33198294605245277
0.6999999999999997,0.22,0.4226020892687559,0.2765707847323079,0.33198294605245277
0.6999999999999997,0.24,0.4226020892687559,0.2765707847323079,0.33198294605245277
0.26,0.3999999999999999,0.39316239316239315,0.2764141529337971,0.33356482207379073
0.27999999999999997,0.41999999999999993,0.4007597340930674,0.2764014824409902,0.3350508796136598
0.31999999999999995,0.26,0.27825261158594494,0.2759373751897117,0.3501141982083686
0.4399999999999999,0.26,0.41975308641975306,0.2758726619596185,0.330488177741541
0.26,0.4599999999999999,0.3998100664767331,0.2754069119286511,0.3356569315089495
0.26,0.47999999999999987,0.3998100664767331,0.2754069119286511,0.3356569315089495
0.26,0.49999999999999983,0.3998100664767331,0.2754069119286511,0.3356569315089495
0.26,0.5199999999999998,0.3998100664767331,0.2754069119286511,0.3356569315089495
0.26,0.5399999999999998,0.3998100664767331,0.2754069119286511,0.3356569315089495
0.26,0.5599999999999998,0.3998100664767331,0.2754069119286511,0.3356569315089495
0.26,0.5799999999999998,0.3998100664767331,0.2754069119286511,0.3356569315089495
0.26,0.5999999999999999,0.3998100664767331,0.2754069119286511,0.3356569315089495
0.26,0.6199999999999999,0.3998100664767331,0.2754069119286511,0.3356569315089495
0.26,0.6399999999999998,0.3998100664767331,0.2754069119286511,0.3356569315089495
0.26,0.6599999999999997,0.3998100664767331,0.2754069119286511,0.3356569315089495
0.26,0.6799999999999997,0.3998100664767331,0.2754069119286511,0.3356569315089495
0.26,0.6999999999999997,0.3998100664767331,0.2754069119286511,0.3356569315089495
0.4399999999999999,0.2,0.4188034188034188,0.27536800550239243,0.3299899216379037
0.4399999999999999,0.22,0.4188034188034188,0.27536800550239243,0.3299899216379037
0.4399999999999999,0.24,0.4188034188034188,0.27536800550239243,0.3299899216379037
0.3999999999999999,0.26,0.41120607787274455,0.27530340681214843,0.32710818080773235
0.31999999999999995,0.2,0.27730294396961064,0.27515069034593653,0.34961594210473135
0.31999999999999995,0.22,0.27730294396961064,0.27515069034593653,0.34961594210473135
0.31999999999999995,0.24,0.27730294396961064,0.27515069034593653,0.34961594210473135
0.26,0.4399999999999999,0.39886039886039887,0.27513624586795316,0.3351586754053122
0.2,0.3999999999999999,0.3903133903133903,0.27509035824491085,0.33317436176180576
0.22,0.3999999999999999,0.3903133903133903,0.27509035824491085,0.33317436176180576
0.24,0.3999999999999999,0.3903133903133903,0.2750607307209663,0.33317436176180576
0.3999999999999999,0.2,0.41025641025641024,0.27479217474472034,0.3266099247040951
0.3999999999999999,0.22,0.41025641025641024,0.27479217474472034,0.3266099247040951
0.3999999999999999,0.24,0.41025641025641024,0.27479217474472034,0.3266099247040951
0.26,0.41999999999999993,0.3969610636277303,0.27459207459207463,0.33416216319803765
0.2,0.4599999999999999,0.3969610636277303,0.2741137149534096,0.33526647119696446
0.2,0.47999999999999987,0.3969610636277303,0.2741137149534096,0.33526647119696446
0.2,0.49999999999999983,0.3969610636277303,0.2741137149534096,0.33526647119696446
0.2,0.5199999999999998,0.3969610636277303,0.2741137149534096,0.33526647119696446
0.2,0.5399999999999998,0.3969610636277303,0.2741137149534096,0.33526647119696446
0.2,0.5599999999999998,0.3969610636277303,0.2741137149534096,0.33526647119696446
0.2,0.5799999999999998,0.3969610636277303,0.2741137149534096,0.33526647119696446
0.2,0.5999999999999999,0.3969610636277303,0.2741137149534096,0.33526647119696446
0.2,0.6199999999999999,0.3969610636277303,0.2741137149534096,0.33526647119696446
0.2,0.6399999999999998,0.3969610636277303,0.2741137149534096,0.33526647119696446
0.2,0.6599999999999997,0.3969610636277303,0.2741137149534096,0.33526647119696446
0.2,0.6799999999999997,0.3969610636277303,0.2741137149534096,0.33526647119696446
0.2,0.6999999999999997,0.3969610636277303,0.2741137149534096,0.33526647119696446
0.22,0.4599999999999999,0.3969610636277303,0.2741137149534096,0.33526647119696446
0.22,0.47999999999999987,0.3969610636277303,0.2741137149534096,0.33526647119696446
0.22,0.49999999999999983,0.3969610636277303,0.2741137149534096,0.33526647119696446
0.22,0.5199999999999998,0.3969610636277303,0.2741137149534096,0.33526647119696446
0.22,0.5399999999999998,0.3969610636277303,0.2741137149534096,0.33526647119696446
0.22,0.5599999999999998,0.3969610636277303,0.2741137149534096,0.33526647119696446
0.22,0.5799999999999998,0.3969610636277303,0.2741137149534096,0.33526647119696446
0.22,0.5999999999999999,0.3969610636277303,0.2741137149534096,0.33526647119696446
0.22,0.6199999999999999,0.3969610636277303,0.2741137149534096,0.33526647119696446
0.22,0.6399999999999998,0.3969610636277303,0.2741137149534096,0.33526647119696446
0.22,0.6599999999999997,0.3969610636277303,0.2741137149534096,0.33526647119696446
0.22,0.6799999999999997,0.3969610636277303,0.2741137149534096,0.33526647119696446
0.22,0.6999999999999997,0.3969610636277303,0.2741137149534096,0.33526647119696446
0.24,0.4599999999999999,0.3969610636277303,0.2740837574982153,0.33526647119696446
0.24,0.47999999999999987,0.3969610636277303,0.2740837574982153,0.33526647119696446
0.24,0.49999999999999983,0.3969610636277303,0.2740837574982153,0.33526647119696446
0.24,0.5199999999999998,0.3969610636277303,0.2740837574982153,0.33526647119696446
0.24,0.5399999999999998,0.3969610636277303,0.2740837574982153,0.33526647119696446
0.24,0.5599999999999998,0.3969610636277303,0.2740837574982153,0.33526647119696446
0.24,0.5799999999999998,0.3969610636277303,0.2740837574982153,0.33526647119696446
0.24,0.5999999999999999,0.3969610636277303,0.2740837574982153,0.33526647119696446
0.24,0.6199999999999999,0.3969610636277303,0.2740837574982153,0.33526647119696446
0.24,0.6399999999999998,0.3969610636277303,0.2740837574982153,0.33526647119696446
0.24,0.6599999999999997,0.3969610636277303,0.2740837574982153,0.33526647119696446
0.24,0.6799999999999997,0.3969610636277303,0.2740837574982153,0.33526647119696446
0.24,0.6999999999999997,0.3969610636277303,0.2740837574982153,0.33526647119696446
0.41999999999999993,0.26,0.41500474833808165,0.27396554940613144,0.3279968972233546
0.2,0.4399999999999999,0.396011396011396,0.2738391792147758,0.33476821509332727
0.22,0.4399999999999999,0.396011396011396,0.2738391792147758,0.33476821509332727
0.24,0.4399999999999999,0.396011396011396,0.2738091921100096,0.33476821509332727
0.41999999999999993,0.2,0.4140550807217474,0.27345781197957836,0.3274986411197173
0.41999999999999993,0.22,0.4140550807217474,0.27345781197957836,0.3274986411197173
0.41999999999999993,0.24,0.4140550807217474,0.27345781197957836,0.3274986411197173
0.2,0.41999999999999993,0.39411206077872746,0.2732872128088055,0.3337717028860527
0.22,0.41999999999999993,0.39411206077872746,0.2732872128088055,0.3337717028860527
0.24,0.41999999999999993,0.39411206077872746,0.27325716863416155,0.3337717028860527
0.29999999999999993,0.29999999999999993,0.26590693257359926,0.2645479854757093,0.35147482064522423
0.3999999999999999,0.3999999999999999,0.6163342830009497,0.2616854488947929,0.3258682025498169
0.4599999999999999,0.3999999999999999,0.6286799620132953,0.26166147647971716,0.3312412238981746
0.47999999999999987,0.3999999999999999,0.6286799620132953,0.2615103332100744,0.3312412238981746
0.49999999999999983,0.3999999999999999,0.6286799620132953,0.2615103332100744,0.3312412238981746
0.5199999999999998,0.3999999999999999,0.6286799620132953,0.2615103332100744,0.3312412238981746
0.5399999999999998,0.3999999999999999,0.6286799620132953,0.2615103332100744,0.3312412238981746
0.5599999999999998,0.3999999999999999,0.6286799620132953,0.2615103332100744,0.3312412238981746
0.5799999999999998,0.3999999999999999,0.6286799620132953,0.2615103332100744,0.3312412238981746
0.5999999999999999,0.3999999999999999,0.6286799620132953,0.2615103332100744,0.3312412238981746
0.6199999999999999,0.3999999999999999,0.6286799620132953,0.2615103332100744,0.3312412238981746
0.6399999999999998,0.3999999999999999,0.6286799620132953,0.2615103332100744,0.3312412238981746
0.6599999999999997,0.3999999999999999,0.6286799620132953,0.2615103332100744,0.3312412238981746
0.6799999999999997,0.3999999999999999,0.6286799620132953,0.2615103332100744,0.3312412238981746
0.6999999999999997,0.3999999999999999,0.6286799620132953,0.2615103332100744,0.3312412238981746
0.4399999999999999,0.3999999999999999,0.6248812915479582,0.2608530727523863,0.3292481994836255
0.41999999999999993,0.3999999999999999,0.6201329534662868,0.25964705517476666,0.3267569189654392
0.3999999999999999,0.4599999999999999,0.6229819563152896,0.2592096334150429,0.32796031198497566
0.3999999999999999,0.47999999999999987,0.6229819563152896,0.2592096334150429,0.32796031198497566
0.3999999999999999,0.49999999999999983,0.6229819563152896,0.2592096334150429,0.32796031198497566
0.3999999999999999,0.5199999999999998,0.6229819563152896,0.2592096334150429,0.32796031198497566
0.3999999999999999,0.5399999999999998,0.6229819563152896,0.2592096334150429,0.32796031198497566
0.3999999999999999,0.5599999999999998,0.6229819563152896,0.2592096334150429,0.32796031198497566
0.3999999999999999,0.5799999999999998,0.6229819563152896,0.2592096334150429,0.32796031198497566
0.3999999999999999,0.5999999999999999,0.6229819563152896,0.2592096334150429,0.32796031198497566
0.3999999999999999,0.6199999999999999,0.6229819563152896,0.2592096334150429,0.32796031198497566
0.3999999999999999,0.6399999999999998,0.6229819563152896,0.2592096334150429,0.32796031198497566
0.3999999999999999,0.6599999999999997,0.6229819563152896,0.2592096334150429,0.32796031198497566
0.3999999999999999,0.6799999999999997,0.6229819563152896,0.2592096334150429,0.32796031198497566
0.3999999999999999,0.6999999999999997,0.6229819563152896,0.2592096334150429,0.32796031198497566
0.4599999999999999,0.4599999999999999,0.6353276353276354,0.25915165601394535,0.3333333333333333
0.4599999999999999,0.47999999999999987,0.6353276353276354,0.25915165601394535,0.3333333333333333
0.4599999999999999,0.49999999999999983,0.6353276353276354,0.25915165601394535,0.3333333333333333
0.4599999999999999,0.5199999999999998,0.6353276353276354,0.25915165601394535,0.3333333333333333
0.4599999999999999,0.5399999999999998,0.6353276353276354,0.25915165601394535,0.3333333333333333
0.4599999999999999,0.5599999999999998,0.6353276353276354,0.25915165601394535,0.3333333333333333
0.4599999999999999,0.5799999999999998,0.6353276353276354,0.25915165601394535,0.3333333333333333
0.4599999999999999,0.5999999999999999,0.6353276353276354,0.25915165601394535,0.3333333333333333
0.4599999999999999,0.6199999999999999,0.6353276353276354,0.25915165601394535,0.3333333333333333
0.4599999999999999,0.6399999999999998,0.6353276353276354,0.25915165601394535,0.3333333333333333
0.4599999999999999,0.6599999999999997,0.6353276353276354,0.25915165601394535,0.3333333333333333
0.4599999999999999,0.6799999999999997,0.6353276353276354,0.25915165601394535,0.3333333333333333
0.4599999999999999,0.6999999999999997,0.6353276353276354,0.25915165601394535,0.3333333333333333
0.3999999999999999,0.4399999999999999,0.6220322886989553,0.25911906519832645,0.3274620558813384
0.4599999999999999,0.4399999999999999,0.6343779677113011,0.2590653480705837,0.3328350772296961
0.47999999999999987,0.4599999999999999,0.6353276353276354,0.2590011614401858,0.3333333333333333
0.47999999999999987,0.47999999999999987,0.6353276353276354,0.2590011614401858,0.3333333333333333
0.47999999999999987,0.49999999999999983,0.6353276353276354,0.2590011614401858,0.3333333333333333
0.47999999999999987,0.5199999999999998,0.6353276353276354,0.2590011614401858,0.3333333333333333
0.47999999999999987,0.5399999999999998,0.6353276353276354,0.2590011614401858,0.3333333333333333
0.47999999999999987,0.5599999999999998,0.6353276353276354,0.2590011614401858,0.3333333333333333
0.47999999999999987,0.5799999999999998,0.6353276353276354,0.2590011614401858,0.3333333333333333
0.47999999999999987,0.5999999999999999,0.6353276353276354,0.2590011614401858,0.3333333333333333
0.47999999999999987,0.6199999999999999,0.6353276353276354,0.2590011614401858,0.3333333333333333
0.47999999999999987,0.6399999999999998,0.6353276353276354,0.2590011614401858,0.3333333333333333
0.47999999999999987,0.6599999999999997,0.6353276353276354,0.2590011614401858,0.3333333333333333
0.47999999999999987,0.6799999999999997,0.6353276353276354,0.2590011614401858,0.3333333333333333
0.47999999999999987,0.6999999999999997,0.6353276353276354,0.2590011614401858,0.3333333333333333
0.49999999999999983,0.4599999999999999,0.6353276353276354,0.2590011614401858,0.3333333333333333
0.49999999999999983,0.47999999999999987,0.6353276353276354,0.2590011614401858,0.3333333333333333
0.49999999999999983,0.49999999999999983,0.6353276353276354,0.2590011614401858,0.3333333333333333
0.49999999999999983,0.5199999999999998,0.6353276353276354,0.2590011614401858,0.3333333333333333
0.49999999999999983,0.5399999999999998,0.6353276353276354,0.2590011614401858,0.3333333333333333
0.49999999999999983,0.5599999999999998,0.6353276353276354,0.2590011614401858,0.3333333333333333
0.49999999999999983,0.5799999999999998,0.6353276353276354,0.2590011614401858,0.3333333333333333
0.49999999999999983,0.5999999999999999,0.6353276353276354,0.2590011614401858,0.3333333333333333
0.49999999999999983,0.6199999999999999,0.6353276353276354,0.2590011614401858,0.3333333333333333
0.49999999999999983,0.6399999999999998,0.6353276353276354,0.2590011614401858,0.3333333333333333
0.49999999999999983,0.6599999999999997,0.6353276353276354,0.2590011614401858,0.3333333333333333
0.49999999999999983,0.6799999999999997,0.6353276353276354,0.2590011614401858,0.3333333333333333
0.49999999999999983,0.6999999999999997,0.6353276353276354,0.2590011614401858,0.3333333333333333
0.5199999999999998,0.4599999999999999,0.6353276353276354,0.2590011614401858,0.3333333333333333
0.5199999999999998,0.47999999999999987,0.6353276353276354,0.2590011614401858,0.3333333333333333
0.5199999999999998,0.49999999999999983,0.6353276353276354,0.2590011614401858,0.3333333333333333
0.5199999999999998,0.5199999999999998,0.6353276353276354,0.2590011614401858,0.3333333333333333
0.5199999999999998,0.5399999999999998,0.6353276353276354,0.2590011614401858,0.3333333333333333
0.5199999999999998,0.5599999999999998,0.6353276353276354,0.2590011614401858,0.3333333333333333
0.5199999999999998,0.5799999999999998,0.6353276353276354,0.2590011614401858,0.3333333333333333
0.5199999999999998,0.5999999999999999,0.6353276353276354,0.2590011614401858,0.3333333333333333
0.5199999999999998,0.6199999999999999,0.6353276353276354,0.2590011614401858,0.3333333333333333
0.5199999999999998,0.6399999999999998,0.6353276353276354,0.2590011614401858,0.3333333333333333
0.5199999999999998,0.6599999999999997,0.6353276353276354,0.2590011614401858,0.3333333333333333
0.5199999999999998,0.6799999999999997,0.6353276353276354,0.2590011614401858,0.3333333333333333
0.5199999999999998,0.6999999999999997,0.6353276353276354,0.2590011614401858,0.3333333333333333
0.5399999999999998,0.4599999999999999,0.6353276353276354,0.2590011614401858,0.3333333333333333
0.5399999999999998,0.47999999999999987,0.6353276353276354,0.2590011614401858,0.3333333333333333
0.5399999999999998,0.49999999999999983,0.6353276353276354,0.2590011614401858,0.3333333333333333
0.5399999999999998,0.5199999999999998,0.6353276353276354,0.2590011614401858,0.3333333333333333
0.5399999999999998,0.5399999999999998,0.6353276353276354,0.2590011614401858,0.3333333333333333
0.5399999999999998,0.5599999999999998,0.6353276353276354,0.2590011614401858,0.3333333333333333
0.5399999999999998,0.5799999999999998,0.6353276353276354,0.2590011614401858,0.3333333333333333
0.5399999999999998,0.5999999999999999,0.6353276353276354,0.2590011614401858,0.3333333333333333
0.5399999999999998,0.6199999999999999,0.6353276353276354,0.2590011614401858,0.3333333333333333
0.5399999999999998,0.6399999999999998,0.6353276353276354,0.2590011614401858,0.3333333333333333
0.5399999999999998,0.6599999999999997,0.6353276353276354,0.2590011614401858,0.3333333333333333
0.5399999999999998,0.6799999999999997,0.6353276353276354,0.2590011614401858,0.3333333333333333
0.5399999999999998,0.6999999999999997,0.6353276353276354,0.2590011614401858,0.3333333333333333
0.5599999999999998,0.4599999999999999,0.6353276353276354,0.2590011614401858,0.3333333333333333
0.5599999999999998,0.47999999999999987,0.6353276353276354,0.2590011614401858,0.3333333333333333
0.5599999999999998,0.49999999999999983,0.6353276353276354,0.2590011614401858,0.3333333333333333
0.5599999999999998,0.5199999999999998,0.6353276353276354,0.2590011614401858,0.3333333333333333
0.5599999999999998,0.5399999999999998,0.6353276353276354,0.2590011614401858,0.3333333333333333
0.5599999999999998,0.5599999999999998,0.6353276353276354,0.2590011614401858,0.3333333333333333
0.5599999999999998,0.5799999999999998,0.6353276353276354,0.2590011614401858,0.3333333333333333
0.5599999999999998,0.5999999999999999,0.6353276353276354,0.2590011614401858,0.3333333333333333
0.5599999999999998,0.6199999999999999,0.6353276353276354,0.2590011614401858,0.3333333333333333
0.5599999999999998,0.6399999999999998,0.6353276353276354,0.2590011614401858,0.3333333333333333
0.5599999999999998,0.6599999999999997,0.6353276353276354,0.2590011614401858,0.3333333333333333
0.5599999999999998,0.6799999999999997,0.6353276353276354,0.2590011614401858,0.3333333333333333
0.5599999999999998,0.6999999999999997,0.6353276353276354,0.2590011614401858,0.3333333333333333
0.5799999999999998,0.4599999999999999,0.6353276353276354,0.2590011614401858,0.3333333333333333
0.5799999999999998,0.47999999999999987,0.6353276353276354,0.2590011614401858,0.3333333333333333
0.5799999999999998,0.49999999999999983,0.6353276353276354,0.2590011614401858,0.3333333333333333
0.5799999999999998,0.5199999999999998,0.6353276353276354,0.2590011614401858,0.3333333333333333
0.5799999999999998,0.5399999999999998,0.6353276353276354,0.2590011614401858,0.3333333333333333
0.5799999999999998,0.5599999999999998,0.6353276353276354,0.2590011614401858,0.3333333333333333
0.5799999999999998,0.5799999999999998,0.6353276353276354,0.2590011614401858,0.3333333333333333
0.5799999999999998,0.5999999999999999,0.6353276353276354,0.2590011614401858,0.3333333333333333
0.5799999999999998,0.6199999999999999,0.6353276353276354,0.2590011614401858,0.3333333333333333
0.5799999999999998,0.6399999999999998,0.6353276353276354,0.2590011614401858,0.3333333333333333
0.5799999999999998,0.6599999999999997,0.6353276353276354,0.2590011614401858,0.3333333333333333
0.5799999999999998,0.6799999999999997,0.6353276353276354,0.2590011614401858,0.3333333333333333
0.5799999999999998,0.6999999999999997,0.6353276353276354,0.2590011614401858,0.3333333333333333
0.5999999999999999,0.4599999999999999,0.6353276353276354,0.2590011614401858,0.3333333333333333
0.5999999999999999,0.47999999999999987,0.6353276353276354,0.2590011614401858,0.3333333333333333
0.5999999999999999,0.49999999999999983,0.6353276353276354,0.2590011614401858,0.3333333333333333
0.5999999999999999,0.5199999999999998,0.6353276353276354,0.2590011614401858,0.3333333333333333
0.5999999999999999,0.5399999999999998,0.6353276353276354,0.2590011614401858,0.3333333333333333
0.5999999999999999,0.5599999999999998,0.6353276353276354,0.2590011614401858,0.3333333333333333
0.5999999999999999,0.5799999999999998,0.6353276353276354,0.2590011614401858,0.3333333333333333
0.5999999999999999,0.5999999999999999,0.6353276353276354,0.2590011614401858,0.3333333333333333
0.5999999999999999,0.6199999999999999,0.6353276353276354,0.2590011614401858,0.3333333333333333
0.5999999999999999,0.6399999999999998,0.6353276353276354,0.2590011614401858,0.3333333333333333
0.5999999999999999,0.6599999999999997,0.6353276353276354,0.2590011614401858,0.3333333333333333
0.5999999999999999,0.6799999999999997,0.6353276353276354,0.2590011614401858,0.3333333333333333
0.5999999999999999,0.6999999999999997,0.6353276353276354,0.2590011614401858,0.3333333333333333
0.6199999999999999,0.4599999999999999,0.6353276353276354,0.2590011614401858,0.3333333333333333
0.6199999999999999,0.47999999999999987,0.6353276353276354,0.2590011614401858,0.3333333333333333
0.6199999999999999,0.49999999999999983,0.6353276353276354,0.2590011614401858,0.3333333333333333
0.6199999999999999,0.5199999999999998,0.6353276353276354,0.2590011614401858,0.3333333333333333
0.6199999999999999,0.5399999999999998,0.6353276353276354,0.2590011614401858,0.3333333333333333
0.6199999999999999,0.5599999999999998,0.6353276353276354,0.2590011614401858,0.3333333333333333
0.6199999999999999,0.5799999999999998,0.6353276353276354,0.2590011614401858,0.3333333333333333
0.6199999999999999,0.5999999999999999,0.6353276353276354,0.2590011614401858,0.3333333333333333
0.6199999999999999,0.6199999999999999,0.6353276353276354,0.2590011614401858,0.3333333333333333
0.6199999999999999,0.6399999999999998,0.6353276353276354,0.2590011614401858,0.3333333333333333
0.6199999999999999,0.6599999999999997,0.6353276353276354,0.2590011614401858,0.3333333333333333
0.6199999999999999,0.6799999999999997,0.6353276353276354,0.2590011614401858,0.3333333333333333
0.6199999999999999,0.6999999999999997,0.6353276353276354,0.2590011614401858,0.3333333333333333
0.6399999999999998,0.4599999999999999,0.6353276353276354,0.2590011614401858,0.3333333333333333
0.6399999999999998,0.47999999999999987,0.6353276353276354,0.2590011614401858,0.3333333333333333
0.6399999999999998,0.49999999999999983,0.6353276353276354,0.2590011614401858,0.3333333333333333
0.6399999999999998,0.5199999999999998,0.6353276353276354,0.2590011614401858,0.3333333333333333
0.6399999999999998,0.5399999999999998,0.6353276353276354,0.2590011614401858,0.3333333333333333
0.6399999999999998,0.5599999999999998,0.6353276353276354,0.2590011614401858,0.3333333333333333
0.6399999999999998,0.5799999999999998,0.6353276353276354,0.2590011614401858,0.3333333333333333
0.6399999999999998,0.5999999999999999,0.6353276353276354,0.2590011614401858,0.3333333333333333
0.6399999999999998,0.6199999999999999,0.6353276353276354,0.2590011614401858,0.3333333333333333
0.6399999999999998,0.6399999999999998,0.6353276353276354,0.2590011614401858,0.3333333333333333
0.6399999999999998,0.6599999999999997,0.6353276353276354,0.2590011614401858,0.3333333333333333
0.6399999999999998,0.6799999999999997,0.6353276353276354,0.2590011614401858,0.3333333333333333
0.6399999999999998,0.6999999999999997,0.6353276353276354,0.2590011614401858,0.3333333333333333
0.6599999999999997,0.4599999999999999,0.6353276353276354,0.2590011614401858,0.3333333333333333
0.6599999999999997,0.47999999999999987,0.6353276353276354,0.2590011614401858,0.3333333333333333
0.6599999999999997,0.49999999999999983,0.6353276353276354,0.2590011614401858,0.3333333333333333
0.6599999999999997,0.5199999999999998,0.6353276353276354,0.2590011614401858,0.3333333333333333
0.6599999999999997,0.5399999999999998,0.6353276353276354,0.2590011614401858,0.3333333333333333
0.6599999999999997,0.5599999999999998,0.6353276353276354,0.2590011614401858,0.3333333333333333
0.6599999999999997,0.5799999999999998,0.6353276353276354,0.2590011614401858,0.3333333333333333
0.6599999999999997,0.5999999999999999,0.6353276353276354,0.2590011614401858,0.3333333333333333
0.6599999999999997,0.6199999999999999,0.6353276353276354,0.2590011614401858,0.3333333333333333
0.6599999999999997,0.6399999999999998,0.6353276353276354,0.2590011614401858,0.3333333333333333
0.6599999999999997,0.6599999999999997,0.6353276353276354,0.2590011614401858,0.3333333333333333
0.6599999999999997,0.6799999999999997,0.6353276353276354,0.2590011614401858,0.3333333333333333
0.6599999999999997,0.6999999999999997,0.6353276353276354,0.2590011614401858,0.3333333333333333
0.6799999999999997,0.4599999999999999,0.6353276353276354,0.2590011614401858,0.3333333333333333
0.6799999999999997,0.47999999999999987,0.6353276353276354,0.2590011614401858,0.3333333333333333
0.6799999999999997,0.49999999999999983,0.6353276353276354,0.2590011614401858,0.3333333333333333
0.6799999999999997,0.5199999999999998,0.6353276353276354,0.2590011614401858,0.3333333333333333
0.6799999999999997,0.5399999999999998,0.6353276353276354,0.2590011614401858,0.3333333333333333
0.6799999999999997,0.5599999999999998,0.6353276353276354,0.2590011614401858,0.3333333333333333
0.6799999999999997,0.5799999999999998,0.6353276353276354,0.2590011614401858,0.3333333333333333
0.6799999999999997,0.5999999999999999,0.6353276353276354,0.2590011614401858,0.3333333333333333
0.6799999999999997,0.6199999999999999,0.6353276353276354,0.2590011614401858,0.3333333333333333
0.6799999999999997,0.6399999999999998,0.6353276353276354,0.2590011614401858,0.3333333333333333
0.6799999999999997,0.6599999999999997,0.6353276353276354,0.2590011614401858,0.3333333333333333
0.6799999999999997,0.6799999999999997,0.6353276353276354,0.2590011614401858,0.3333333333333333
0.6799999999999997,0.6999999999999997,0.6353276353276354,0.2590011614401858,0.3333333333333333
0.6999999999999997,0.4599999999999999,0.6353276353276354,0.2590011614401858,0.3333333333333333
0.6999999999999997,0.47999999999999987,0.6353276353276354,0.2590011614401858,0.3333333333333333
0.6999999999999997,0.49999999999999983,0.6353276353276354,0.2590011614401858,0.3333333333333333
0.6999999999999997,0.5199999999999998,0.6353276353276354,0.2590011614401858,0.3333333333333333
0.6999999999999997,0.5399999999999998,0.6353276353276354,0.2590011614401858,0.3333333333333333
0.6999999999999997,0.5599999999999998,0.6353276353276354,0.2590011614401858,0.3333333333333333
0.6999999999999997,0.5799999999999998,0.6353276353276354,0.2590011614401858,0.3333333333333333
0.6999999999999997,0.5999999999999999,0.6353276353276354,0.2590011614401858,0.3333333333333333
0.6999999999999997,0.6199999999999999,0.6353276353276354,0.2590011614401858,0.3333333333333333
0.6999999999999997,0.6399999999999998,0.6353276353276354,0.2590011614401858,0.3333333333333333
0.6999999999999997,0.6599999999999997,0.6353276353276354,0.2590011614401858,0.3333333333333333
0.6999999999999997,0.6799999999999997,0.6353276353276354,0.2590011614401858,0.3333333333333333
0.6999999999999997,0.6999999999999997,0.6353276353276354,0.2590011614401858,0.3333333333333333
0.3999999999999999,0.41999999999999993,0.6201329534662868,0.258937288706825,0.32646554367406383
0.47999999999999987,0.4399999999999999,0.6343779677113011,0.2589147286821705,0.3328350772296961
0.49999999999999983,0.4399999999999999,0.6343779677113011,0.2589147286821705,0.3328350772296961
0.5199999999999998,0.4399999999999999,0.6343779677113011,0.2589147286821705,0.3328350772296961
0.5399999999999998,0.4399999999999999,0.6343779677113011,0.2589147286821705,0.3328350772296961
0.5599999999999998,0.4399999999999999,0.6343779677113011,0.2589147286821705,0.3328350772296961
0.5799999999999998,0.4399999999999999,0.6343779677113011,0.2589147286821705,0.3328350772296961
0.5999999999999999,0.4399999999999999,0.6343779677113011,0.2589147286821705,0.3328350772296961
0.6199999999999999,0.4399999999999999,0.6343779677113011,0.2589147286821705,0.3328350772296961
0.6399999999999998,0.4399999999999999,0.6343779677113011,0.2589147286821705,0.3328350772296961
0.6599999999999997,0.4399999999999999,0.6343779677113011,0.2589147286821705,0.3328350772296961
0.6799999999999997,0.4399999999999999,0.6343779677113011,0.2589147286821705,0.3328350772296961
0.6999999999999997,0.4399999999999999,0.6343779677113011,0.2589147286821705,0.3328350772296961
0.4599999999999999,0.41999999999999993,0.6324786324786325,0.2588921282798834,0.33183856502242154
0.47999999999999987,0.41999999999999993,0.6324786324786325,0.25874125874125875,0.33183856502242154
0.49999999999999983,0.41999999999999993,0.6324786324786325,0.25874125874125875,0.33183856502242154
0.5199999999999998,0.41999999999999993,0.6324786324786325,0.25874125874125875,0.33183856502242154
0.5399999999999998,0.41999999999999993,0.6324786324786325,0.25874125874125875,0.33183856502242154
0.5599999999999998,0.41999999999999993,0.6324786324786325,0.25874125874125875,0.33183856502242154
0.5799999999999998,0.41999999999999993,0.6324786324786325,0.25874125874125875,0.33183856502242154
0.5999999999999999,0.41999999999999993,0.6324786324786325,0.25874125874125875,0.33183856502242154
0.6199999999999999,0.41999999999999993,0.6324786324786325,0.25874125874125875,0.33183856502242154
0.6399999999999998,0.41999999999999993,0.6324786324786325,0.25874125874125875,0.33183856502242154
0.6599999999999997,0.41999999999999993,0.6324786324786325,0.25874125874125875,0.33183856502242154
0.6799999999999997,0.41999999999999993,0.6324786324786325,0.25874125874125875,0.33183856502242154
0.6999999999999997,0.41999999999999993,0.6324786324786325,0.25874125874125875,0.33183856502242154
0.4399999999999999,0.4599999999999999,0.6315289648622981,0.25835275835275834,0.33134030891878424
0.4399999999999999,0.47999999999999987,0.6315289648622981,0.25835275835275834,0.33134030891878424
0.4399999999999999,0.49999999999999983,0.6315289648622981,0.25835275835275834,0.33134030891878424
0.4399999999999999,0.5199999999999998,0.6315289648622981,0.25835275835275834,0.33134030891878424
0.4399999999999999,0.5399999999999998,0.6315289648622981,0.25835275835275834,0.33134030891878424
0.4399999999999999,0.5599999999999998,0.6315289648622981,0.25835275835275834,0.33134030891878424
0.4399999999999999,0.5799999999999998,0.6315289648622981,0.25835275835275834,0.33134030891878424
0.4399999999999999,0.5999999999999999,0.6315289648622981,0.25835275835275834,0.33134030891878424
0.4399999999999999,0.6199999999999999,0.6315289648622981,0.25835275835275834,0.33134030891878424
0.4399999999999999,0.6399999999999998,0.6315289648622981,0.25835275835275834,0.33134030891878424
0.4399999999999999,0.6599999999999997,0.6315289648622981,0.25835275835275834,0.33134030891878424
0.4399999999999999,0.6799999999999997,0.6315289648622981,0.25835275835275834,0.33134030891878424
0.4399999999999999,0.6999999999999997,0.6315289648622981,0.25835275835275834,0.33134030891878424
0.4399999999999999,0.4399999999999999,0.630579297245964,0.25826526643329445,0.330842052815147
0.4399999999999999,0.41999999999999993,0.6286799620132953,0.2580896686159844,0.32984554060787247
0.41999999999999993,0.4599999999999999,0.6267806267806267,0.2571595558153127,0.3288490284005979
0.41999999999999993,0.47999999999999987,0.6267806267806267,0.2571595558153127,0.3288490284005979
0.41999999999999993,0.49999999999999983,0.6267806267806267,0.2571595558153127,0.3288490284005979
0.41999999999999993,0.5199999999999998,0.6267806267806267,0.2571595558153127,0.3288490284005979
0.41999999999999993,0.5399999999999998,0.6267806267806267,0.2571595558153127,0.3288490284005979
0.41999999999999993,0.5599999999999998,0.6267806267806267,0.2571595558153127,0.3288490284005979
0.41999999999999993,0.5799999999999998,0.6267806267806267,0.2571595558153127,0.3288490284005979
0.41999999999999993,0.5999999999999999,0.6267806267806267,0.2571595558153127,0.3288490284005979
0.41999999999999993,0.6199999999999999,0.6267806267806267,0.2571595558153127,0.3288490284005979
0.41999999999999993,0.6399999999999998,0.6267806267806267,0.2571595558153127,0.3288490284005979
0.41999999999999993,0.6599999999999997,0.6267806267806267,0.2571595558153127,0.3288490284005979
0.41999999999999993,0.6799999999999997,0.6267806267806267,0.2571595558153127,0.3288490284005979
0.41999999999999993,0.6999999999999997,0.6267806267806267,0.2571595558153127,0.3288490284005979
0.41999999999999993,0.4399999999999999,0.6258309591642925,0.25707041154671345,0.32835077229696064
0.41999999999999993,0.41999999999999993,0.6239316239316239,0.256891495601173,0.3273542600896861
0.27999999999999997,0.31999999999999995,0.26400759734093066,0.2554915002538341,0.330294798624395
0.26,0.31999999999999995,0.26020892687559355,0.2522610437510639,0.3294060822087728
0.24,0.31999999999999995,0.2573599240265907,0.249835985931409,0.32901562189678785
0.2,0.31999999999999995,0.2573599240265907,0.24981438174804552,0.32901562189678785
0.22,0.31999999999999995,0.2573599240265907,0.24981438174804552,0.32901562189678785
0.29999999999999993,0.27999999999999997,0.2402659069325736,0.24183880740918892,0.3505830554597371
0.27999999999999997,0.29999999999999993,0.2336182336182336,0.2340321819796464,0.3422642691140449
0.26,0.29999999999999993,0.22981956315289648,0.23008978854389484,0.3413755526984226
0.24,0.29999999999999993,0.22697056030389365,0.22713121705239234,0.34098509238643765
0.2,0.29999999999999993,0.22697056030389365,0.22707271715986643,0.34098509238643765
0.22,0.29999999999999993,0.22697056030389365,0.22707271715986643,0.34098509238643765
0.29999999999999993,0.26,0.2241215574548908,0.22574408048092257,0.34490406827850767
0.29999999999999993,0.2,0.22317188983855651,0.2247807215549151,0.3444058121748705
0.29999999999999993,0.22,0.22317188983855651,0.2247807215549151,0.3444058121748705
0.29999999999999993,0.24,0.22317188983855651,0.2247807215549151,0.3444058121748705
0.27999999999999997,0.27999999999999997,0.20797720797720798,0.20689113590693245,0.3413725039285578
0.26,0.27999999999999997,0.20417853751187084,0.2022951702184929,0.34048378751293545
0.24,0.27999999999999997,0.201329534662868,0.1988513257280462,0.34009332720095053
0.2,0.27999999999999997,0.201329534662868,0.19875471417479204,0.34009332720095053
0.22,0.27999999999999997,0.201329534662868,0.19875471417479204,0.34009332720095053
0.27999999999999997,0.26,0.19183285849952517,0.1883542677161439,0.33569351674732834
0.27999999999999997,0.2,0.1908831908831909,0.18726798873194628,0.33519526064369115
0.27999999999999997,0.22,0.1908831908831909,0.18726798873194628,0.33519526064369115
0.27999999999999997,0.24,0.1908831908831909,0.18726798873194628,0.33519526064369115
0.26,0.26,0.18803418803418803,0.18339250493096648,0.3348048003317062
0.26,0.2,0.18708452041785376,0.18228769239521928,0.3343065442280689
0.26,0.22,0.18708452041785376,0.18228769239521928,0.3343065442280689
0.26,0.24,0.18708452041785376,0.18228769239521928,0.3343065442280689
0.24,0.26,0.18518518518518517,0.17968372652720568,0.3344143400197212
0.2,0.26,0.18518518518518517,0.17956095428124597,0.3344143400197212
0.22,0.26,0.18518518518518517,0.17956095428124597,0.3344143400197212
0.24,0.2,0.1842355175688509,0.17856572119978734,0.3339160839160839
0.24,0.22,0.1842355175688509,0.17856572119978734,0.3339160839160839
0.24,0.24,0.1842355175688509,0.17856572119978734,0.3339160839160839
0.2,0.2,0.1842355175688509,0.17844146605535427,0.3339160839160839
0.2,0.22,0.1842355175688509,0.17844146605535427,0.3339160839160839
0.2,0.24,0.1842355175688509,0.17844146605535427,0.3339160839160839
0.22,0.2,0.1842355175688509,0.17844146605535427,0.3339160839160839
0.22,0.22,0.1842355175688509,0.17844146605535427,0.3339160839160839
0.22,0.24,0.1842355175688509,0.17844146605535427,0.3339160839160839
